Model,Accuracy,Precision,Recall,F1,AUC,Train_Time,Best_Threshold
GNN (real-trained),0.9859841560024375,0.4594594594594595,0.85,0.5964912280701754,0.9928439235040099,104.49,0.36
